,ENS,Address
0,https://www.mirror.xyz,0x3527a204a5260a0e36ca695312379370328e4e6c
1,https://ww2.mirror.xyz,0xc46004492f3c10b6e9211d60a7f261e72cc03a8e
2,https://dev.mirror.xyz,0x9651b2a7aa9ed9635ce896a1af1a7d6294d5e902
3,https://bspeak.mirror.xyz,0x7853eabb6cfa980ebfd27e3f77e69590ea53c0b7
4,https://stateful.mirror.xyz,0x4c0a466df0628fe8699051b3ac6506653191cc21
5,https://paris.mirror.xyz,0xa83444576f86c8b59a542ec2f286a19ab12c2666
6,https://g.mirror.xyz,0xcc65fa278b917042822538c44ba10ad646824026
7,https://jk.mirror.xyz,0xff37a713c920f6e94043d10c1230e30b13f4d500
8,https://rabbithole.mirror.xyz,0xf719d5d368da5c7006bfbb7e0a4873b5115aa11f
9,https://joonian.mirror.xyz,0x31b4c292b4639a32a0aca72b0451499b464c58cb
10,https://w.mirror.xyz,0xbc3ed6b537f2980e66f396fe14210a56ba3f72c4
11,https://amorfati.mirror.xyz,0x605acc13c07cb2de5261dc64d315857fde7d5c5c
12,https://fwb.mirror.xyz,0xcacea967ae0d35d2a006bb63ec557fd8a6f013db
13,https://helloshreyas.mirror.xyz,0x10d6d2e343281d388291a3e02f3293aaeda67178
14,https://pk.mirror.xyz,0xb10b5568d516a6121a848b86a0640115827430b1
15,https://osirene.mirror.xyz,0x25e0fbc652cfc890d308961b7d34c08d109a491b
16,https://linda.mirror.xyz,0x5e349eca2dc61abcd9dd99ce94d04136151a09ee
17,https://d.mirror.xyz,0x5507dbd48a5a5bace8a6030e878cc4e0af147c33
18,https://darkstar.mirror.xyz,0x7fdca0a469ea8b50b92322afc0215b67d56a5e9a
19,https://tony.mirror.xyz,0x9b217b4b9533bb2c78504cdccadf5739cfa27e86
20,https://chris.mirror.xyz,0x53b91350a481c1ad80f12127d10524793c9a7e89
21,https://kyve.mirror.xyz,0x72ff7d1df7d1e4b86886d68605f55ce42ef74624
22,https://ls.mirror.xyz,0xed625c9aba1245fa8e22eb1f1825881517a9dce7
23,https://dob.mirror.xyz,0xa99438a1a6de4943756c9ef05be41288d2eec6ca
24,https://brett.mirror.xyz,0x1e341aa44c293d95d13d778492d417d1be4e63d5
25,https://jake.mirror.xyz,0x68f9d801c96ac6ccf562f3600cef77c4504449b6
26,https://enid.mirror.xyz,0x751077dfd4942aa28985baa850f4c648d241c863
27,https://j.mirror.xyz,0xb0623c91c65621df716ab8afe5f66656b21a9108
28,https://t.mirror.xyz,0xa0cf798816d4b9b9866b5330eea46a18382f251e
29,https://coopahtroopa.mirror.xyz,0x46301f7e700be9cffce3e5e142a2244df3f2d4f2
30,https://bvajresh.mirror.xyz,0x7721f140c2968d5c639a9b40a1e6ca48a9b7c41d
31,https://danny.mirror.xyz,0xaed58605cf7d6a9396f7c0539d51df6763808208
32,https://jammsession.mirror.xyz,0x565b93a15d38acd79c120b15432d21e21ed274d6
33,https://variant.mirror.xyz,0xe7925d190aea9279400cd9a005e33ceb9389cc2b
34,https://jihad.mirror.xyz,0x70ece45cdc64a768f936ccb8ac851578251363e3
35,https://flashbots.mirror.xyz,0x777b0884f97fd361c55e472530272be61ceb87c8
36,https://p.mirror.xyz,0x942cbea64876ff0b2e23c0712b37dc0091804e9c
37,https://fish.mirror.xyz,0x29403ec0a4c563ee477b1cdee51d5db9022212fb
38,https://okwme.mirror.xyz,0xfa398d672936dcf428116f687244034961545d91
39,https://z.mirror.xyz,0xf4b0498e71485717f6f9b6117672c19a0dba5100
40,https://teendaze.mirror.xyz,0xea83321a41c69070c971cd9ca193366d6be8ddc4
41,https://gianferrer.mirror.xyz,0x2bd5d2e3d5852ad9960638083cb7c9f493e7a597
42,https://e.mirror.xyz,0x4628d77ba8fcc7a7f2b6bd4a0363061a06e7a20f
43,https://yaz.mirror.xyz,0x31ca6ca7f7a3298bc6c5103aa45847f34e382a1c
44,https://yup.mirror.xyz,0x30e838d51c61811d382962b4e0699715462dcde1
45,https://zhang.mirror.xyz,0xf35880094dc18df096891e4ccb51212d00311b86
46,https://li.mirror.xyz,0x808a2adbd0a3fc679e3f7cd18d4f579bfcaaec9c
47,https://identity.mirror.xyz,0x6e3c9dfe5413a98720e29f8245c63064f8687492
48,https://adam.mirror.xyz,0x8a32af4affd816978c2fdfa7c08c27681d05d4fe
49,https://elaine.mirror.xyz,0x637c517f9393cf12049dd74e73eef238e66f599a
50,https://club.mirror.xyz,0x42dfaf5266ad40ab4533f9806f5cc1df4c1eb363
51,https://scott.mirror.xyz,0x48a63097e1ac123b1f5a8bbffafa4afa8192fab0
52,https://ria.mirror.xyz,0x3cb91a674fd627b66eeafcdf0cbcf963cede73ad
53,https://trevor.mirror.xyz,0x32802f989b4348a51dd0e61d23b78be1a0543469
54,https://jill.mirror.xyz,0x6d0305c0d5b5754c3c20c84fb471157f4d2b5971
55,https://primordial.mirror.xyz,0x201be631a06cc2922532acc00fe39da0f87c8985
56,https://jstn.mirror.xyz,0xe7bd51dc30d4bdc9fddd42ea7c0a283590c9d416
57,https://drew.mirror.xyz,0xe0a0fa1a9f35a8b8e638469456d9d4a408932313
58,https://kinjal.mirror.xyz,0xa5e1c37ad90baacb791cfa18506224d7c50f1619
59,https://mint.mirror.xyz,0x662d5d79849113a5403af776210307a7c82a5267
60,https://ournetwork.mirror.xyz,0x9c159121ceebf937e9bad98fd0c895d7f6038bd4
61,https://jamiew.mirror.xyz,0xd9c4475e2dd89a9a0ad0c1e9a1e1bb28df7ba298
62,https://big.mirror.xyz,0x9a6a475b72395c764f153b05bd2c96e8b69dc51b
63,https://jacob.mirror.xyz,0x17cd072cbd45031efc21da538c783e0ed3b25dcc
64,https://generalist.mirror.xyz,0xadbd9aeda5633448e8b4953b4376c9514075abf4
65,https://eva.mirror.xyz,0x51976f2c831640098b12b678be637af21a3cab06
66,https://avc.mirror.xyz,0xb8332710ab60a1b2e8fe6d775d83524c9e0ce136
67,https://mat.mirror.xyz,0x0aa54d162a5c7e4ca8378fa66e3d63db3ce88e8a
68,https://api.mirror.xyz,0x47386264790f1183ae1a20c1984459a3399553c3
69,https://gold.mirror.xyz,0x88d01d4354da0d65c38b0196c4400525a5eebe17
70,https://leighton.mirror.xyz,0x067b9bbbbc42d2ab9b9ab6bb62646daf7f344a76
71,https://devin.mirror.xyz,0x5c93fd4e5bf3d541a4917719cd4e1214dd035920
72,https://fred.mirror.xyz,0x7feabf26185d54629a067ee237041e703e6a242f
73,https://sariazout.mirror.xyz,0xf9875c1544f2c9aeacec50fed687d984ddaa9d00
74,https://medha.mirror.xyz,0xd0f7fbf89106ab6eda8b3cbca65c085fccb87209
75,https://keeks.mirror.xyz,0x66da63b03feca7dd44a5bb023bb3645d3252fa32
76,https://appliedarts.mirror.xyz,0x345122f6513329d169cff39ace8978edc3942b5d
77,https://lilmiquela.mirror.xyz,0x2a91d4ff6ad3bf749fd4950191c780fb20819425
78,https://spacexponential.mirror.xyz,0x5aee47ca8a79176a6754884f3a321a09ad177979
79,https://tuba.mirror.xyz,0xe16c0e1bf3b75f67e83c9e47b9c0eb8bf1b99ccd
80,https://c.mirror.xyz,0x445d959751d21b6a460b30d0cd0c88ce63b01847
81,https://teddy.mirror.xyz,0x47dbd0f05865ceb5d41ebf345cd78d8d04143367
82,https://ideovc.mirror.xyz,0x134130dcc9724e7ddb403406ceb3d0bca24449f0
83,https://rara.mirror.xyz,0xdb3106b3d295c289decd15ff588de8aed561d198
84,https://nicholas.mirror.xyz,0x6877be9e00d0bc5886c28419901e8cc98c1c2739
85,https://ellie.mirror.xyz,0x6c70e5fc4e4926cd836a6f8b0645aa1a077fa605
86,https://gigamesh.mirror.xyz,0x2f8f8fbf095345577b901d88efa8ba4ec3fe8e39
87,https://nico.mirror.xyz,0xc986ca9476edc3c021c04e3306f9e37eed9071ab
88,https://anish.mirror.xyz,0x016c8780e5ccb32e5caa342a926794ce64d9c364
89,https://alex.mirror.xyz,0xd3e9d60e4e4de615124d5239219f32946d10151d
90,https://untitledfrontier.mirror.xyz,0x4086583a20335ba5a333547b6d5327ad6e002261
91,https://jamesbeck.mirror.xyz,0x9ba0022ec84e92dceac90d0a22e3a857ba37bfe6
92,https://cope.mirror.xyz,0x5e692fe3d06414d75380604ba202c7d5ed94f219
93,https://zora.mirror.xyz,0x7a6f726121030cadf9923333d5b6f29277024027
94,https://dame.mirror.xyz,0x3b3525f60eeea4a1ef554df5425912c2a532875d
95,https://sinahab.mirror.xyz,0x03b79c0c1487a68aeabd9aa4ce779dad77855f52
96,https://vv.mirror.xyz,0xc8f8e2f59dd95ff67c3d39109eca2e2a017d4c8a
97,https://petercbaker.mirror.xyz,0x93abfd95667e80852b8e21b0e73e120c1e8424c6
98,https://pills.mirror.xyz,0x0f1c01d98ae190ad2739a6075b21c2343d8b412e
99,https://m.mirror.xyz,0xbfdb50dc66c8df9fd9688d8fe5a0c34126427645
100,https://y.mirror.xyz,0xf33be868a71c5c7856df703ca3b53ddf751a6b7a
101,https://cryptocurious.mirror.xyz,0x5ef944257cb567d3040489f547012e59a96a11e3
102,https://songcamp.mirror.xyz,0xfc4852b5e3af65058cdfe1d1dce26946c0c1975f
103,https://colinandsamir.mirror.xyz,0xc63a26a74326076feb89040586ffcdced3b42bf5
104,https://wildinformation.mirror.xyz,0x6b5d39eaa55376b8a28a22a982378372f66d8d16
105,https://devon.mirror.xyz,0x15ecac227795409df99d2703de3478e115307bd5
106,https://a.mirror.xyz,0x2f4bea4cb44d0956ce4980e76a20a8928e00399a
107,https://alive.mirror.xyz,0xc45bc8f098c858cd18f4686ba19bed29526d9a92
108,https://andy.mirror.xyz,0xb7f296fe3b08da98d224fbb663d3fa25150a8eea
109,https://fiona.mirror.xyz,0xef03254abc88c81cb822b5e4dcdf22d55645bce6
110,https://pob.mirror.xyz,0x9428ca8b5fe52c33bd0bd7222d719d788b6467f4
111,https://virtualelena.mirror.xyz,0x03942174b8e362d168e5c26d9b4339ab36d970b0
112,https://n.mirror.xyz,0xcde3725b25d6d9bc78cf0941cc15fd9710c764b9
113,https://dempsey.mirror.xyz,0x19e86826048a3458becdd6b0459db22753861906
114,https://otherinternet.mirror.xyz,0x32b8b761c038b030a402ab7d5536b4cdda6dba9f
115,https://quiet.mirror.xyz,0x6130b7313833f99956a364156b3329e50695bd65
116,https://waterandmusic.mirror.xyz,0x03e9206f2a1234fefad2c0b07a86b1e0f5cb8d0d
117,https://void.mirror.xyz,0x4a61d76ea05a758c1db9c9b5a5ad22f445a38c46
118,https://cdixon.mirror.xyz,0xe11bfcbdd43745d4aa6f4f18e24ad24f4623af04
119,https://ezra.mirror.xyz,0x751ff169fa139ab1a90a4acb2180bbf7531e34f1
120,https://simondlr.mirror.xyz,0x0cacc6104d8cd9d7b2850b4f35c65c1ecdeece03
121,https://thedailygwei.mirror.xyz,0x648aa14e4424e0825a5ce739c8c68610e143fb79
122,https://alexis.mirror.xyz,0x75b379238868ebb577ce9888524d3cd71ee4b236
123,https://nickgrossman.mirror.xyz,0xd3dd62e5ad098d2220e3921d41494fb9754c1bf1
124,https://priyanka.mirror.xyz,0x93730ce5ac9de1db9f3fbb73bf522a690629ccec
125,https://nic.mirror.xyz,0x567f0164e988e5428e082994aee631acfd3eebf0
126,https://emily.mirror.xyz,0xda18e1537622802ec576d99a8e3913914653bd6f
127,https://miguel.mirror.xyz,0xe340b00b6b622c136ffa5cff130ec8edcddcb39d
128,https://raihan.mirror.xyz,0xb683a2056526162c4771d363204af41ea8c1ec52
129,https://susskind.mirror.xyz,0xb2e7a394d3439d1913f910c27c8b507b91304579
130,https://pop.mirror.xyz,0x54becc7560a7be76d72ed76a1f5fee6c5a2a7ab6
131,https://air.mirror.xyz,0x25cbcfa16e43e58517f80d583087ea89241293e6
132,https://l.mirror.xyz,0xf7b2c2eb58a5f801119df7e9bf9f9b66c62bb011
133,https://emilysegal.mirror.xyz,0x601a11d6aaa6442d1792a8203b37c8c159784921
134,https://r.mirror.xyz,0xc46e9a66fddc8d1a69529d86e668236f02957f1b
135,https://martz.mirror.xyz,0x224e69025a2f705c8f31efb6694398f8fd09ac5c
136,https://s.mirror.xyz,0x5ba02f4ff6af1d9d2af8774d10fd32eb57d4e2e6
137,https://magic.mirror.xyz,0x2f9b473d4b9f95a5e55f205be1a003b27d24df76
138,https://sirsu.mirror.xyz,0xeb95ff72eab9e8d8fdb545fe15587accf410b42e
139,https://internet.mirror.xyz,0x40ff52e1848660327f16ed96a307259ec1d757eb
140,https://mp.mirror.xyz,0x1464d4e3c815de3028572b850c6c34dfc57e9320
141,https://chaim.mirror.xyz,0x5090c4fead5be112b643bc75d61bf42339675448
142,https://stark.mirror.xyz,0x4aa9c5546be68486c4ef264a230d25674a1a728e
143,https://community.mirror.xyz,0xabf014a3757ea644b9268d4a2cae9301df79ce95
144,https://kei.mirror.xyz,0x9887d70d026818ca841be7d41ae1adacc5cb9903
145,https://notboring.mirror.xyz,0x2920a3192613d8c42f21b64873dc0ddfcbf018d4
146,https://dappboi.mirror.xyz,0x9079a0a7e0ebee7650c8c9da2b6946e5a5b07c19
147,https://mason.mirror.xyz,0x621b35b50c508f3497437ae777dee70d052d6ad9
148,https://quasimatt.mirror.xyz,0x64298a72f4e3e23387efc409fc424a3f17356fc4
149,https://nicole.mirror.xyz,0x70a5d38b135482c89cf540bc27cf5c282c73c35c
150,https://k.mirror.xyz,0x84da37133a088fbf4e21d80aec2cc260b52ea116
151,https://js.mirror.xyz,0xc4798b79d22630cee83b4ecb0fd98cd5ff0fbb62
152,https://multimedia.mirror.xyz,0xc7a0d765c3af6e2710ba05a56c5e2ca190c2e11e
153,https://bitsikka.mirror.xyz,0x9885a84930e3c8c865a1d3debdc204f990bab7c3
154,https://pablo.mirror.xyz,0xb3b5f0031d7bca99f27ffebd5d95db969da6c054
155,https://boardroom.mirror.xyz,0xb1676b5ab63f01f154bb9938f5e8999d9da5444b
156,https://syndicate.mirror.xyz,0x66b340673fce10bd3bfbbe59997ae188a16b6710
157,https://wendy.mirror.xyz,0x347bebe2fb2a69c5c2da658c8e5810b79be6dc2b
158,https://shiny.mirror.xyz,0x54681ac94d4e3c8f58f54b576b654dc2d1950ae0
159,https://musicx.mirror.xyz,0xe612d9c2a9ba0ff4403f4f7ea87d5be4290ac7b9
160,https://party.mirror.xyz,0xf7f52dd34bc21eda08c0b804c7c1dbc48375820f
161,https://she256.mirror.xyz,0x16dfe71fe5269a794d255017326f9a5db8591b22
162,https://creators.mirror.xyz,0x8dca852d10c3cfccb88584281ec1ef2d335253fd
163,https://ff.mirror.xyz,0xabaf40768e575beb3244df2853a0505cb2d2e4bb
164,https://dc.mirror.xyz,0xced09ccfc82b091195bde04e6cd65374518e7b95
165,https://stephenpdiesel.mirror.xyz,0x0653f05d22e5fe46f15639616e3bfd51c9060214
166,https://mark.mirror.xyz,0x847dbdef6b03aac8be266598928ca0d994aaa400
167,https://dhannum8.mirror.xyz,0xc1fdb60cfb2fbbd6edc9b445d9b508da2dbf2c9b
168,https://catalog.mirror.xyz,0xc236541380fc0c2c05c2f2c6c52a21ed57c37952
169,https://dom.mirror.xyz,0xf296178d553c8ec21a2fbd2c5dda8ca9ac905a00
170,https://fiatlux.mirror.xyz,0x31941231407ec7e53b2d4e0ba967159736baea9a
171,https://ath.mirror.xyz,0x2ae8c972fb2e6c00dded8986e2dc672ed190da06
172,https://metaverse.mirror.xyz,0x4edb818249c85d3b617ff4fbd034757560314a0c
173,https://rowan.mirror.xyz,0xb0f52106608331295212489cc88b5cd605145aab
174,https://jpg.mirror.xyz,0xc4f287b062a3d391bb8ff86ace1fe337f0512b23
175,https://asb.mirror.xyz,0x969d53ead869b7242715038551e1cbdbce514b68
176,https://pleasr.mirror.xyz,0xf5c27c6fe782cbb5c85989ea3e75754748153459
177,https://pwa.mirror.xyz,0xb18501548eeb4660c2348a75515e2740041999f6
178,https://benschecter.mirror.xyz,0xaaba999423e939a67373e422dfabe088d5bc31a5
179,https://sms.mirror.xyz,0xea23c259b637f72d80697d4a4d1302df9f64530b
180,https://jack.mirror.xyz,0xad8717e33c719a9b407ad6b40d0be237845c2fbf
181,https://0xlucas.mirror.xyz,0x3839acf1ee7699d1f46b1be840d8ad8317fdf757
182,https://lila.mirror.xyz,0x81dc09427da6fdff1a9eb4144a5f210fed1de602
183,https://darrenlautf.mirror.xyz,0x4ab5e3f0b2d1604dd2002cfeca6163802d74c6cb
184,https://station.mirror.xyz,0x78918036a8e4b9179bee3cab57110a3397986e44
185,https://kitteh.mirror.xyz,0x7dbf85de9ee45327c243bf74f1e85309cab12441
186,https://techdirt.mirror.xyz,0xc33ed933f17c6860451cc9d1c4f2f82e602036f7
187,https://blockchain.mirror.xyz,0xdc1f98682f4f8a5c6d54f345f448437b83f5e432
188,https://jad.mirror.xyz,0xc1f099630feb3a4937c869c42411b123279db344
189,https://krausehouse.mirror.xyz,0x6b6ada1452e22bbd5764efa67a105cc20ae875d2
190,https://gabriellemic.mirror.xyz,0xbc62985faabed27a8f174cbd5ea1ee7b1ed8fc12
191,https://rajit.mirror.xyz,0x28ace08ae71e962a8079bc654914d41f76714ac0
192,https://prosperdao.mirror.xyz,0x0d41a3f6301ab46e491850c8fdafbde0a3b41ece
193,https://ampled.mirror.xyz,0xa4142a998eed156228b2f925a43fcea25f363cc5
194,https://creatopia.mirror.xyz,0x39a45e576ddc0540d17b1c1ce2f6dc1656ed100c
195,https://ballmetaverse.mirror.xyz,0xadc05c3becb35d4c610f5ab157cf603528443391
196,https://holly.mirror.xyz,0xa62e8d6d73b44b127efb8a094d050e7982ef8210
197,https://superrare.mirror.xyz,0x79150011a8dc56857459f652d165fb772ee6eb1c
198,https://leavingrecords.mirror.xyz,0xe3309dd02f1f7254b8cbe478ac7b5519802e151c
199,https://ethereumfilm.mirror.xyz,0xfa5f665fad9b4b5a374f6dec38eb3e5218e2ea33
200,https://angelo.mirror.xyz,0xaccaad08fbf99487b487c73fc8f67d1d8a6ab412
201,https://derekgtaylor.mirror.xyz,0xe4cbda373d6a445f83fc9125c6230ba58bc08320
